{
  "summary_quality": {
    "lora_scores": {
      "rouge1": {
        "scores": [
          0.1443298969072165,
          0.19128586609989373,
          0.109375,
          0.203257328990228,
          0.21377672209026127,
          0.1808972503617945,
          0.429042904290429,
          0.1217391304347826,
          0.11673699015471167,
          0.21254355400696864,
          0.1695364238410596
        ],
        "average": 0.19022918792521323,
        "count": 11
      },
      "rouge2": {
        "scores": [
          0.06036536934074663,
          0.09158679446219382,
          0.05633802816901409,
          0.053489889106327466,
          0.0761300555114988,
          0.07101449275362319,
          0.2513781697905182,
          0.05224963715529753,
          0.025352112676056342,
          0.06631762652705062,
          0.05172413793103448
        ],
        "average": 0.07781330122030557,
        "count": 11
      },
      "rougeL": {
        "scores": [
          0.0761300555114988,
          0.1742826780021254,
          0.0953125,
          0.09381107491856679,
          0.13618368962787014,
          0.09406657018813315,
          0.2464246424642464,
          0.10144927536231883,
          0.0661040787623066,
          0.14111498257839722,
          0.09403973509933776
        ],
        "average": 0.119901752955891,
        "count": 11
      },
      "rougeLsum": {
        "scores": [
          0.13798572561459158,
          0.18490967056323063,
          0.10625,
          0.17850162866449512,
          0.2011084718923199,
          0.16787264833574528,
          0.38503850385038496,
          0.11449275362318839,
          0.1111111111111111,
          0.18989547038327526,
          0.16688741721854303
        ],
        "average": 0.17673212738698957,
        "count": 11
      }
    },
    "base_scores": {
      "rouge1": {
        "scores": [
          0.14626391096979333,
          0.19128586609989373,
          0.109375,
          0.20685111989459812,
          0.2140047206923682,
          0.17844396859386152,
          0.43838604143947657,
          0.11806043569922699,
          0.11575091575091576,
          0.21573828470380194,
          0.1706840390879479
        ],
        "average": 0.19134948208471672,
        "count": 11
      },
      "rouge2": {
        "scores": [
          0.06050955414012739,
          0.09158679446219382,
          0.05633802816901409,
          0.048812664907651716,
          0.0756501182033097,
          0.07005003573981415,
          0.2579234972677596,
          0.050668543279380716,
          0.023477622890682316,
          0.0637732506643047,
          0.05088062622309198
        ],
        "average": 0.07724279417703002,
        "count": 11
      },
      "rougeL": {
        "scores": [
          0.07631160572337042,
          0.1742826780021254,
          0.09218749999999999,
          0.0922266139657444,
          0.1369000786782061,
          0.092790863668808,
          0.24645583424209377,
          0.09838369641602249,
          0.063003663003663,
          0.1414677276746242,
          0.09120521172638438
        ],
        "average": 0.11865595210009475,
        "count": 11
      },
      "rougeLsum": {
        "scores": [
          0.1399046104928458,
          0.18490967056323063,
          0.103125,
          0.18181818181818182,
          0.20141620771046423,
          0.1670235546038544,
          0.3969465648854962,
          0.11103302881236823,
          0.10989010989010987,
          0.1892130857648099,
          0.16677524429967427
        ],
        "average": 0.17745956898554865,
        "count": 11
      }
    },
    "comparison": {
      "rouge1": {
        "improvement_percent": -0.5854701812087981,
        "lora_avg": 0.19022918792521323,
        "base_avg": 0.19134948208471672
      },
      "rouge2": {
        "improvement_percent": 0.7385893394379582,
        "lora_avg": 0.07781330122030557,
        "base_avg": 0.07724279417703002
      },
      "rougeL": {
        "improvement_percent": 1.0499269811137133,
        "lora_avg": 0.119901752955891,
        "base_avg": 0.11865595210009475
      },
      "rougeLsum": {
        "improvement_percent": -0.40991962435022333,
        "lora_avg": 0.17673212738698957,
        "base_avg": 0.17745956898554865
      }
    }
  },
  "flashcard_quality": {
    "lora_metrics": {
      "answerability": {
        "values": [
          0.0,
          0.0,
          0.0,
          0.0,
          0.0,
          0.0,
          0.0,
          0.0,
          0.0,
          0.0,
          0.0
        ],
        "average": 0.0,
        "count": 11
      },
      "coverage": {
        "values": [
          0.0,
          0.0,
          0.0,
          0.0,
          0.0,
          0.0,
          0.0,
          0.0,
          0.0,
          0.0,
          0.0
        ],
        "average": 0.0,
        "count": 11
      },
      "count_accuracy": {
        "values": [
          1.0,
          1.0,
          1.0,
          1.0,
          1.0,
          1.0,
          1.0,
          1.0,
          1.0,
          1.0,
          1.0
        ],
        "average": 1.0,
        "count": 11
      }
    },
    "base_metrics": {
      "answerability": {
        "values": [
          0.0,
          0.0,
          0.0,
          0.0,
          0.0,
          0.0,
          0.0,
          0.0,
          0.0,
          0.0,
          0.0
        ],
        "average": 0.0,
        "count": 11
      },
      "coverage": {
        "values": [
          0.0,
          0.0,
          0.0,
          0.0,
          0.0,
          0.0,
          0.0,
          0.0,
          0.0,
          0.0,
          0.0
        ],
        "average": 0.0,
        "count": 11
      },
      "count_accuracy": {
        "values": [
          1.0,
          1.0,
          1.0,
          1.0,
          1.0,
          1.0,
          1.0,
          1.0,
          1.0,
          1.0,
          1.0
        ],
        "average": 1.0,
        "count": 11
      }
    },
    "comparison": {
      "answerability": {
        "improvement_percent": 0,
        "lora_avg": 0.0,
        "base_avg": 0.0
      },
      "coverage": {
        "improvement_percent": 0,
        "lora_avg": 0.0,
        "base_avg": 0.0
      },
      "count_accuracy": {
        "improvement_percent": 0.0,
        "lora_avg": 1.0,
        "base_avg": 1.0
      }
    }
  },
  "formula_extraction": {
    "lora_metrics": {
      "consistency": {
        "values": [
          0.52,
          0.38095238095238093,
          0.3333333333333333,
          0.7368421052631579,
          0.5238095238095238,
          0.6190476190476191,
          0.4,
          0.5714285714285714,
          0.9142857142857143,
          0.5454545454545454,
          0.7142857142857143
        ],
        "average": 0.5690399552600509,
        "count": 11
      },
      "extraction_rate": {
        "values": [
          0.02540650406504065,
          0.029829545454545456,
          0.02698282910874898,
          0.011052937754508435,
          0.0231023102310231,
          0.017811704834605598,
          0.01890359168241966,
          0.016706443914081145,
          0.022068095838587643,
          0.013349514563106795,
          0.011938601478112564
        ],
        "average": 0.019741098084070912,
        "count": 11
      }
    },
    "base_metrics": {
      "consistency": {
        "values": [
          0.52,
          0.38095238095238093,
          0.3333333333333333,
          0.7368421052631579,
          0.5238095238095238,
          0.6190476190476191,
          0.4,
          0.5714285714285714,
          0.9142857142857143,
          0.5454545454545454,
          0.7142857142857143
        ],
        "average": 0.5690399552600509,
        "count": 11
      },